temperature,cte
0.000000000000000,0.0
2.000000000000000,4.4458544e-08
4.000000000000000,4.8214462e-08
6.000000000000000,4.6491619e-08
8.000000000000000,2.6573754e-08
10.000000000000000,-3.2439827e-08
12.000000000000000,-1.51588967e-07
14.000000000000000,-3.42685255e-07
16.000000000000000,-6.06775007e-07
18.000000000000000,-9.37462333e-07
20.000000000000000,-1.322492532e-06
22.000000000000000,-1.746661431e-06
24.000000000000000,-2.194669342e-06
26.000000000000000,-2.651521297e-06
28.000000000000000,-3.104269884e-06
30.000000000000000,-3.541873102e-06
32.000000000000000,-3.955176811e-06
34.000000000000000,-4.337389233e-06
36.000000000000000,-4.682928255e-06
38.000000000000000,-4.988420305e-06
40.000000000000000,-5.251103775e-06
42.000000000000000,-5.469590266e-06
44.000000000000000,-5.643791496e-06
46.000000000000000,-5.773721044e-06
48.000000000000000,-5.860671244e-06
50.000000000000000,-5.905918134e-06
52.000000000000000,-5.911326773e-06
54.000000000000000,-5.87957117e-06
56.000000000000000,-5.812541326e-06
58.000000000000000,-5.712748771e-06
60.000000000000000,-5.583146958e-06
62.000000000000000,-5.426338075e-06
64.000000000000000,-5.244448968e-06
66.000000000000000,-5.040673386e-06
68.000000000000000,-4.817217014e-06
70.000000000000000,-4.575591214e-06
72.000000000000000,-4.318717394e-06
74.000000000000000,-4.049007572e-06
76.000000000000000,-3.767900866e-06
78.000000000000000,-3.476887926e-06
80.000000000000000,-3.178219567e-06
82.000000000000000,-2.87311262e-06
84.000000000000000,-2.563084755e-06
86.000000000000000,-2.248913573e-06
88.000000000000000,-1.932118447e-06
90.000000000000000,-1.614389099e-06
92.000000000000000,-1.295101395e-06
94.000000000000000,-9.76010347e-07
96.000000000000000,-6.58562882e-07
98.000000000000000,-3.41908692e-07
100.000000000000000,-2.7440976e-08
102.000000000000000,2.84671626e-07
104.000000000000000,5.94057479e-07
106.000000000000000,8.9970548e-07
108.000000000000000,1.201473852e-06
110.000000000000000,1.499265046e-06
112.000000000000000,1.794141888e-06
114.000000000000000,2.084341954e-06
116.000000000000000,2.369238374e-06
118.000000000000000,2.649597139e-06
120.000000000000000,2.925668856e-06
122.000000000000000,3.197418232e-06
124.000000000000000,3.463902232e-06
126.000000000000000,3.725669512e-06
128.000000000000000,3.982840656e-06
130.000000000000000,4.234679974e-06
132.000000000000000,4.482144155e-06
134.000000000000000,4.725080954e-06
136.000000000000000,4.962460655e-06
138.000000000000000,5.195932891e-06
140.000000000000000,5.424690189e-06
142.000000000000000,5.648560853e-06
144.000000000000000,5.868055539e-06
146.000000000000000,6.08342348e-06
148.000000000000000,6.294587461e-06
150.000000000000000,6.501018023e-06
152.000000000000000,6.702826875e-06
154.000000000000000,6.901318333e-06
156.000000000000000,7.095905584e-06
158.000000000000000,7.28590303e-06
160.000000000000000,7.472563376e-06
162.000000000000000,7.655621192e-06
164.000000000000000,7.835145335e-06
166.000000000000000,8.010298036e-06
168.000000000000000,8.181836527e-06
170.000000000000000,8.350842939e-06
172.000000000000000,8.516550026e-06
174.000000000000000,8.677833241e-06
176.000000000000000,8.836895881e-06
178.000000000000000,8.993179178e-06
180.000000000000000,9.145771426e-06
182.000000000000000,9.295915498e-06
184.000000000000000,9.442998498e-06
186.000000000000000,9.586706052e-06
188.000000000000000,9.728397538e-06
190.000000000000000,9.867083645e-06
192.000000000000000,1.0003352962e-05
194.000000000000000,1.0137481971e-05
196.000000000000000,1.0268823309e-05
198.000000000000000,1.0397623491e-05
200.000000000000000,1.0523813291e-05
202.000000000000000,1.0648559529e-05
204.000000000000000,1.0770443936e-05
206.000000000000000,1.0890821874e-05
208.000000000000000,1.1008849595e-05
210.000000000000000,1.1124178375e-05
212.000000000000000,1.123788617e-05
214.000000000000000,1.1350816026e-05
216.000000000000000,1.1461080703e-05
218.000000000000000,1.1568624313e-05
220.000000000000000,1.167537627e-05
222.000000000000000,1.1780104388e-05
224.000000000000000,1.1883355712e-05
226.000000000000000,1.1984615822e-05
228.000000000000000,1.2084672672e-05
230.000000000000000,1.2183456046e-05
232.000000000000000,1.2279948303e-05
234.000000000000000,1.2374619937e-05
236.000000000000000,1.2468850379e-05
238.000000000000000,1.2561724665e-05
240.000000000000000,1.2652570911e-05
242.000000000000000,1.2741858281e-05
244.000000000000000,1.2830361096e-05
246.000000000000000,1.2917832086e-05
248.000000000000000,1.3003825016e-05
250.000000000000000,1.308881329e-05
252.000000000000000,1.3171944141e-05
254.000000000000000,1.3254439557e-05
256.000000000000000,1.3336068407e-05
258.000000000000000,1.3416062915e-05
260.000000000000000,1.3495178826e-05
262.000000000000000,1.3573050875e-05
264.000000000000000,1.3650221833e-05
266.000000000000000,1.3726595489e-05
268.000000000000000,1.3801584293e-05
270.000000000000000,1.3875848418e-05
272.000000000000000,1.3949398718e-05
274.000000000000000,1.4021620217e-05
276.000000000000000,1.4092971794e-05
278.000000000000000,1.4163253392e-05
280.000000000000000,1.4233248437e-05
282.000000000000000,1.4303188258e-05
284.000000000000000,1.437102302e-05
286.000000000000000,1.4438286514e-05
288.000000000000000,1.4505140658e-05
290.000000000000000,1.4570573826e-05
292.000000000000000,1.4635851803e-05
294.000000000000000,1.4700504712e-05
296.000000000000000,1.4764234112e-05
298.000000000000000,1.4827420808e-05
300.000000000000000,1.4889867509e-05
302.000000000000000,1.4952115358e-05
304.000000000000000,1.5013427023e-05
306.000000000000000,1.507317841e-05
308.000000000000000,1.5133277191e-05
310.000000000000000,1.5193305927e-05
312.000000000000000,1.5251801326e-05
314.000000000000000,1.5309135814e-05
316.000000000000000,1.5367301561e-05
318.000000000000000,1.5425493772e-05
320.000000000000000,1.548117377e-05
322.000000000000000,1.5537034679e-05
324.000000000000000,1.559264374e-05
326.000000000000000,1.5647630572e-05
328.000000000000000,1.5702304416e-05
330.000000000000000,1.5756491334e-05
332.000000000000000,1.5810493284e-05
334.000000000000000,1.5863423611e-05
336.000000000000000,1.5915809069e-05
338.000000000000000,1.5967927129e-05
340.000000000000000,1.6020254275e-05
342.000000000000000,1.6071455752e-05
344.000000000000000,1.6122165824e-05
346.000000000000000,1.6172881294e-05
348.000000000000000,1.6222468324e-05
350.000000000000000,1.6272791231e-05
352.000000000000000,1.6322499028e-05
354.000000000000000,1.6371397678e-05
356.000000000000000,1.6420483956e-05
358.000000000000000,1.6468091773e-05
360.000000000000000,1.651548848e-05
362.000000000000000,1.6563558146e-05
364.000000000000000,1.661067102e-05
366.000000000000000,1.6657512447e-05
368.000000000000000,1.6704462921e-05
370.000000000000000,1.6750364487e-05
372.000000000000000,1.6796263134e-05
374.000000000000000,1.6841558066e-05
376.000000000000000,1.6886998213e-05
378.000000000000000,1.6932002757e-05
380.000000000000000,1.697654698e-05
382.000000000000000,1.7021340933e-05
384.000000000000000,1.7065373495e-05
386.000000000000000,1.7109163076e-05
388.000000000000000,1.715229877e-05
390.000000000000000,1.7195584162e-05
392.000000000000000,1.7238533449e-05
394.000000000000000,1.728145038e-05
396.000000000000000,1.7324164622e-05
398.000000000000000,1.7365960039e-05
400.000000000000000,1.7408196213e-05
402.000000000000000,1.7449958499e-05
404.000000000000000,1.7490853628e-05
406.000000000000000,1.7532165875e-05
408.000000000000000,1.7573668466e-05
410.000000000000000,1.7614393388e-05
412.000000000000000,1.7654788508e-05
414.000000000000000,1.769461573e-05
416.000000000000000,1.7734647978e-05
418.000000000000000,1.777505031e-05
420.000000000000000,1.7814763845e-05
422.000000000000000,1.785401307e-05
424.000000000000000,1.7893370561e-05
426.000000000000000,1.7932395265e-05
428.000000000000000,1.7970819219e-05
430.000000000000000,1.8009999774e-05
432.000000000000000,1.8048142026e-05
434.000000000000000,1.8086029403e-05
436.000000000000000,1.8124643808e-05
438.000000000000000,1.816259252e-05
440.000000000000000,1.8199777746e-05
442.000000000000000,1.8237180884e-05
444.000000000000000,1.8274830745e-05
446.000000000000000,1.8312147145e-05
448.000000000000000,1.8349030751e-05
450.000000000000000,1.8385758999e-05
452.000000000000000,1.8422600627e-05
454.000000000000000,1.845902109e-05
456.000000000000000,1.8495107782e-05
458.000000000000000,1.8531077055e-05
460.000000000000000,1.8567652109e-05
462.000000000000000,1.8603287911e-05
464.000000000000000,1.8638774305e-05
466.000000000000000,1.867469723e-05
468.000000000000000,1.8709900888e-05
470.000000000000000,1.8745026973e-05
472.000000000000000,1.878046071e-05
474.000000000000000,1.8815086138e-05
476.000000000000000,1.8849872016e-05
478.000000000000000,1.8884943271e-05
480.000000000000000,1.8919269129e-05
482.000000000000000,1.8953755645e-05
484.000000000000000,1.8988003469e-05
486.000000000000000,1.9022133425e-05
488.000000000000000,1.9056274737e-05
490.000000000000000,1.9090279456e-05
492.000000000000000,1.9123753438e-05
494.000000000000000,1.9157664803e-05
496.000000000000000,1.919084494e-05
498.000000000000000,1.922410089e-05
500.000000000000000,1.9258030854e-05
502.000000000000000,1.9291172827e-05
504.000000000000000,1.9324211864e-05
506.000000000000000,1.9356918539e-05
508.000000000000000,1.9389668526e-05
510.000000000000000,1.9422457945e-05
512.000000000000000,1.9455164533e-05
514.000000000000000,1.9487445637e-05
516.000000000000000,1.9520118394e-05
518.000000000000000,1.95526387e-05
520.000000000000000,1.9584783762e-05
522.000000000000000,1.9616969516e-05
524.000000000000000,1.9648350536e-05
526.000000000000000,1.9680251151e-05
528.000000000000000,1.9712590291e-05
530.000000000000000,1.974413852e-05
532.000000000000000,1.9775735862e-05
534.000000000000000,1.9807202798e-05
536.000000000000000,1.9839275514e-05
538.000000000000000,1.9869917759e-05
540.000000000000000,1.9900839997e-05
542.000000000000000,1.9933075357e-05
544.000000000000000,1.9963324827e-05
546.000000000000000,1.9993571798e-05
548.000000000000000,2.0025540077e-05
550.000000000000000,2.0057118852e-05
552.000000000000000,2.0087166421e-05
554.000000000000000,2.011778165e-05
556.000000000000000,2.0148389806e-05
558.000000000000000,2.0178577344e-05
560.000000000000000,2.0208848725e-05
562.000000000000000,2.023995808e-05
564.000000000000000,2.0270257484e-05
566.000000000000000,2.0300092481e-05
568.000000000000000,2.033025447e-05
570.000000000000000,2.0359846404e-05
572.000000000000000,2.0390307182e-05
574.000000000000000,2.0420245124e-05
576.000000000000000,2.0450387013e-05
578.000000000000000,2.0480320954e-05
580.000000000000000,2.0509831636e-05
582.000000000000000,2.0538689715e-05
584.000000000000000,2.0567909324e-05
586.000000000000000,2.0598765066e-05
588.000000000000000,2.0627807796e-05
590.000000000000000,2.0657264249e-05
592.000000000000000,2.0686617267e-05
594.000000000000000,2.071575683e-05
596.000000000000000,2.0745832411e-05
598.000000000000000,2.0774108422e-05
600.000000000000000,2.0803240162e-05
602.000000000000000,2.0832038615e-05
604.000000000000000,2.0861278511e-05
606.000000000000000,2.0891458482e-05
608.000000000000000,2.0918682182e-05
610.000000000000000,2.0947028086e-05
612.000000000000000,2.0976612677e-05
614.000000000000000,2.100531955e-05
616.000000000000000,2.1033746998e-05
618.000000000000000,2.1062645013e-05
620.000000000000000,2.1092516711e-05
622.000000000000000,2.1120991191e-05
624.000000000000000,2.1147628851e-05
626.000000000000000,2.1176996477e-05
628.000000000000000,2.1205786799e-05
630.000000000000000,2.12322688e-05
632.000000000000000,2.1261807273e-05
634.000000000000000,2.1290853046e-05
636.000000000000000,2.1317834897e-05
638.000000000000000,2.1345964306e-05
640.000000000000000,2.1375343552e-05
642.000000000000000,2.1403208775e-05
644.000000000000000,2.1429840706e-05
646.000000000000000,2.1458910366e-05
648.000000000000000,2.1488424046e-05
650.000000000000000,2.1516130057e-05
652.000000000000000,2.1541290185e-05
654.000000000000000,2.1569310701e-05
656.000000000000000,2.1598692691e-05
658.000000000000000,2.1626165561e-05
660.000000000000000,2.1654136977e-05
662.000000000000000,2.1681009703e-05
664.000000000000000,2.1708251035e-05
666.000000000000000,2.1735872524e-05
668.000000000000000,2.1764728393e-05
670.000000000000000,2.1793884807e-05
672.000000000000000,2.1820758325e-05
674.000000000000000,2.1845014322e-05
676.000000000000000,2.1873266781e-05
678.000000000000000,2.1903608457e-05
680.000000000000000,2.1930186787e-05
682.000000000000000,2.1956001264e-05
684.000000000000000,2.1984223997e-05
686.000000000000000,2.201175264e-05
688.000000000000000,2.2037230862e-05
690.000000000000000,2.2065878135e-05
692.000000000000000,2.2093480425e-05
694.000000000000000,2.2121517566e-05
696.000000000000000,2.2148255824e-05
698.000000000000000,2.2174555217e-05
700.000000000000000,2.2202603438e-05
702.000000000000000,2.222951237e-05
704.000000000000000,2.2256289202e-05
706.000000000000000,2.2283115002e-05
708.000000000000000,2.2311417109e-05
710.000000000000000,2.233765144e-05
712.000000000000000,2.2365789469e-05
714.000000000000000,2.2391249127e-05
716.000000000000000,2.2416268645e-05
718.000000000000000,2.24455315e-05
720.000000000000000,2.247350241e-05
722.000000000000000,2.2501024391e-05
724.000000000000000,2.2527214128e-05
726.000000000000000,2.2554092613e-05
728.000000000000000,2.258126499e-05
730.000000000000000,2.2606511084e-05
732.000000000000000,2.2633743816e-05
734.000000000000000,2.2661456984e-05
736.000000000000000,2.2687621368e-05
738.000000000000000,2.2714648714e-05
740.000000000000000,2.2741220943e-05
742.000000000000000,2.2767716297e-05
744.000000000000000,2.2796096111e-05
746.000000000000000,2.2823285406e-05
748.000000000000000,2.2849083711e-05
750.000000000000000,2.2873749562e-05
752.000000000000000,2.2901462997e-05
754.000000000000000,2.2930871108e-05
756.000000000000000,2.2956140806e-05
758.000000000000000,2.2980724407e-05
760.000000000000000,2.3006969948e-05
762.000000000000000,2.3039725328e-05
764.000000000000000,2.3064424901e-05
766.000000000000000,2.3085270835e-05
768.000000000000000,2.3117135578e-05
770.000000000000000,2.3143621903e-05
772.000000000000000,2.3168502682e-05
774.000000000000000,2.3195448579e-05
776.000000000000000,2.322248026e-05
778.000000000000000,2.3250026274e-05
780.000000000000000,2.3276006117e-05
782.000000000000000,2.3305708026e-05
784.000000000000000,2.3325525638e-05
786.000000000000000,2.3352272456e-05
788.000000000000000,2.3385455323e-05
790.000000000000000,2.3407809575e-05
792.000000000000000,2.3435175776e-05
794.000000000000000,2.3463994914e-05
796.000000000000000,2.3489367035e-05
798.000000000000000,2.3514795285e-05
